<?xml version="1.0" encoding="ISO-8859-1"?>
<project name="Joda-Time">
  <publishDate position="navigation-bottom" format="yyyy-MM-dd"/>
  <bannerLeft>
    <name>Joda.org</name>
    <href>http://www.joda.org/</href>
  </bannerLeft>
  <bannerRight>
    <name>Joda-Time</name>
    <href>http://www.joda.org/joda-time/</href>
  </bannerRight>

  <body>
    <links>
      <item name="Joda-Time" href="index.html"/>
      <item name="JSP tags" href="http://www.joda.org/joda-time-jsptags/"/>
      <item name="Hibernate" href="http://www.joda.org/joda-time-hibernate/"/>
      <item name="I18N" href="http://www.joda.org/joda-time-i18n/"/>
    </links>

    <menu name="Joda Time">
      <item name="Overview" href="index.html"/>
      <item name="Quick start guide" href="quickstart.html"/>
      <item name="User guide" href="userguide.html"/>
      <item name="FAQ" href="faq.html"/>
      <item name="Related projects" href="related.html"/>
      <item name="Javadoc" href="apidocs/index.html"/>
      <item name="License" href="license.html"/>
      <item name="Download" href="download.html"/>
    </menu>

    <menu name="Key concepts">
      <item name="Instant" href="key_instant.html"/>
      <item name="Partial" href="key_partial.html"/>
      <item name="Interval" href="key_interval.html"/>
      <item name="Duration" href="key_duration.html"/>
      <item name="Period" href="key_period.html"/>
      <item name="Chronology" href="key_chronology.html"/>
      <item name="Time zone update" href="tz_update.html"/>
    </menu>

    <menu name="Chronologies">
      <item name="ISO8601" href="cal_iso.html"/>
      <item name="Buddhist" href="cal_buddhist.html"/>
      <item name="Coptic" href="cal_coptic.html"/>
      <item name="Ethiopic" href="cal_ethiopic.html"/>
      <item name="Gregorian" href="cal_gregorian.html"/>
      <item name="GregorianJulian" href="cal_gj.html"/>
      <item name="Islamic" href="cal_islamic.html"/>
      <item name="Julian" href="cal_julian.html"/>
    </menu>

    <menu name="Development">
      <item name="GitHub" href="https://github.com/JodaOrg/joda-time"/>
      <item name="Test results" href="surefire-report.html"/>
      <item name="Mailing lists" href="mail-lists.html"/>
      <item name="Sourceforge" href="http://sourceforge.net/projects/joda-time/"/>
    </menu>

    <menu name="Joda">
      <item name="Joda home" href="http://www.joda.org"/>
      <item name="Beans" href="http://www.joda.org/joda-beans/"/>
      <item name="Convert" href="http://www.joda.org/joda-convert/"/>
      <item name="Money" href="http://www.joda.org/joda-money/"/>
      <item name="Primitives" href="http://www.joda.org/joda-primitives/"/>
    </menu>

    <menu ref="reports"/>

    <menu name="Website">
      <item name="Privacy" href="privacy.html"/>
    </menu>
  </body>

  <poweredBy>
    <logo name="Maven" href="http://maven.apache.org/"
          img="http://maven.apache.org/images/logos/maven-feather.png"/>
    <logo name="GitHub" href="https://github.com/JodaOrg/joda-time"
          img="http://www.joda.org/images/github.png"/>
  </poweredBy>
</project>
